PLAYER_NAME,GAME_NUMBER,GAME_PLAYED,DATE,AGE,TEAM,HOME_AWAY,OPP,RESULT,GS,MP,MIN,SEC,SECONDS_PLAYED,FG,FGA,FG_PERCENT,THREEP,THREEPA,THREEP_PERCENT,FT,FTA,FT_PERCENT,ORB,DRB,TRB,AST,STL,BLK,TOV,PF,PTS,GMSC,PLUS_MINUS
Tyreke Evans,1,1,10/28/2009,20,SAC,@,OKC,L (-13),1,34:52:00,34,52,0,5,15,0.333,0,1,0,0,2,0,1,3,4,2,1,0,3,5,10,-0.3,-20
Tyreke Evans,2,2,10/30/2009,20,SAC,@,NOH,L (-5),1,33:12:00,33,12,0,7,13,0.538,1,3,0.333,7,8,0.875,0,3,3,2,2,0,3,4,22,15,-10
Tyreke Evans,3,3,10/31/2009,20,SAC,@,SAS,L (-19),1,24:04:00,24,4,0,3,9,0.333,0,2,0,0,2,0,1,1,2,6,2,0,2,3,6,4.1,-15
Tyreke Evans,4,4,11/2/2009,20,SAC,,MEM,W (+11),1,24:25:00,24,25,0,0,4,0,0,0,,3,6,0.5,0,3,3,4,0,0,2,2,3,-0.1,-16
Tyreke Evans,5,5,11/4/2009,20,SAC,,ATL,L (-8),1,38:37:00,38,37,0,7,21,0.333,0,3,0,1,2,0.5,2,1,3,4,3,0,2,2,15,7.4,4
Tyreke Evans,6,6,11/7/2009,20,SAC,@,UTA,W (+5),1,42:45:00,42,45,0,7,15,0.467,2,3,0.667,16,19,0.842,0,3,3,7,1,0,2,2,32,27.1,11
Tyreke Evans,7,7,11/8/2009,20,SAC,,GSW,W (+13),1,28:42:00,28,42,0,8,15,0.533,1,1,1,6,7,0.857,2,6,8,2,2,0,0,1,23,21.5,18
Tyreke Evans,8,8,11/10/2009,20,SAC,,OKC,W (+3),1,34:25:00,34,25,0,5,16,0.313,0,2,0,10,10,1,0,8,8,8,1,0,5,5,20,12.8,5
Tyreke Evans,9,9,11/13/2009,20,SAC,,HOU,W (+9),1,39:45:00,39,45,0,9,17,0.529,2,4,0.5,0,2,0,0,6,6,4,1,1,3,1,20,13.8,-3
Tyreke Evans,10,10,11/17/2009,20,SAC,,CHI,L (-14),1,41:58:00,41,58,0,8,19,0.421,0,4,0,4,4,1,1,3,4,4,2,3,4,2,20,13.6,-7
Tyreke Evans,11,11,11/20/2009,20,SAC,@,DAL,L (-2),1,43:56:00,43,56,0,13,21,0.619,2,2,1,1,2,0.5,1,6,7,10,1,1,5,3,29,24.1,0
Tyreke Evans,13,12,11/23/2009,20,SAC,@,MEM,L (-11),1,37:29:00,37,29,0,10,18,0.556,1,1,1,7,7,1,0,4,4,4,1,0,5,4,28,17.8,-12
Tyreke Evans,14,13,11/25/2009,20,SAC,,NYK,W (+14),1,39:21:00,39,21,0,8,19,0.421,0,3,0,3,4,0.75,2,9,11,7,2,0,4,3,19,14.3,23
Tyreke Evans,15,14,11/27/2009,20,SAC,,NJN,W (+13),1,38:33:00,38,33,0,8,16,0.5,1,1,1,4,4,1,0,8,8,3,1,0,4,3,21,13.3,8
Tyreke Evans,16,15,11/29/2009,20,SAC,,NOH,W (+16),1,40:11:00,40,11,0,6,15,0.4,0,1,0,2,2,1,1,0,1,4,0,0,4,2,14,4.6,18
Tyreke Evans,17,16,12/2/2009,20,SAC,,IND,W (+5),1,31:51:00,31,51,0,7,14,0.5,0,2,0,12,14,0.857,0,5,5,6,0,0,4,5,26,17.9,1
Tyreke Evans,18,17,12/5/2009,20,SAC,@,PHO,L (-8),1,31:45:00,31,45,0,8,16,0.5,1,3,0.333,4,6,0.667,2,4,6,7,2,1,0,3,21,21.2,-7
Tyreke Evans,19,18,12/6/2009,20,SAC,,MIA,L (-13),1,39:09:00,39,9,0,10,19,0.526,0,3,0,10,12,0.833,3,1,4,4,3,0,2,5,30,24.1,-18
Tyreke Evans,20,19,12/8/2009,20,SAC,@,NOH,L (-2),1,38:06:00,38,6,0,10,17,0.588,0,1,0,5,8,0.625,2,3,5,9,1,0,1,1,25,24.1,-6
Tyreke Evans,21,20,12/9/2009,20,SAC,@,SAS,L (-12),1,38:57:00,38,57,0,9,20,0.45,0,2,0,1,3,0.333,1,3,4,5,4,0,4,3,19,11.7,-7
Tyreke Evans,22,21,12/12/2009,20,SAC,,MIN,W (+20),1,33:40:00,33,40,0,7,16,0.438,0,1,0,4,5,0.8,1,4,5,5,2,1,2,1,18,14.9,7
Tyreke Evans,23,22,12/15/2009,20,SAC,@,POR,L (-7),1,32:53:00,32,53,0,7,9,0.778,0,1,0,5,6,0.833,0,7,7,3,2,1,1,4,19,19.4,-8
Tyreke Evans,24,23,12/16/2009,20,SAC,,WAS,W (+3),1,40:19:00,40,19,0,9,18,0.5,0,1,0,8,10,0.8,1,5,6,6,0,2,4,3,26,18.8,-8
Tyreke Evans,25,24,12/18/2009,20,SAC,@,MIN,L (-16),1,35:19:00,35,19,0,4,12,0.333,0,2,0,2,2,1,0,4,4,8,2,0,5,4,10,5.4,-15
Tyreke Evans,26,25,12/19/2009,20,SAC,@,MIL,W (+1),1,36:38:00,36,38,0,9,19,0.474,1,1,1,5,7,0.714,2,5,7,3,2,0,6,2,24,13.7,-2
Tyreke Evans,27,26,12/21/2009,20,SAC,@,CHI,W (+4),1,44:23:00,44,23,0,8,19,0.421,1,1,1,6,9,0.667,1,7,8,3,2,0,3,4,23,14,6
Tyreke Evans,28,27,12/23/2009,20,SAC,,CLE,L (-13),1,43:31:00,43,31,0,11,25,0.44,2,7,0.286,4,4,1,0,3,3,5,1,3,1,1,28,21,-18
Tyreke Evans,29,28,12/26/2009,20,SAC,,LAL,L (-9),1,46:14:00,46,14,0,9,23,0.391,0,4,0,0,0,,2,3,5,2,0,1,5,5,18,2.9,-11
Tyreke Evans,33,29,1/2/2010,20,SAC,,DAL,L (-8),1,37:38:00,37,38,0,6,18,0.333,0,2,0,2,4,0.5,0,5,5,6,1,0,0,0,14,9.7,-2
Tyreke Evans,34,30,1/5/2010,20,SAC,,PHO,L (-4),1,38:51:00,38,51,0,10,23,0.435,0,1,0,7,7,1,3,8,11,7,2,1,2,2,27,24.2,-4
Tyreke Evans,35,31,1/8/2010,20,SAC,@,GSW,L (-7),1,38:07:00,38,7,0,8,17,0.471,1,2,0.5,8,9,0.889,1,1,2,6,3,1,6,6,25,16.4,-5
Tyreke Evans,36,32,1/9/2010,20,SAC,,DEN,W (+2),1,41:45:00,41,45,0,10,15,0.667,1,2,0.5,6,8,0.75,0,2,2,5,0,0,3,3,27,19.6,6
Tyreke Evans,37,33,1/12/2010,20,SAC,,ORL,L (-21),1,37:41:00,37,41,0,5,16,0.313,1,3,0.333,7,9,0.778,2,2,4,2,2,0,0,1,18,13,-9
Tyreke Evans,38,34,1/15/2010,20,SAC,@,PHI,L (-12),1,35:49:00,35,49,0,3,13,0.231,0,1,0,8,8,1,0,2,2,4,3,0,3,3,14,8.3,-13
Tyreke Evans,39,35,1/16/2010,20,SAC,@,WAS,L (-10),1,40:47:00,40,47,0,9,19,0.474,1,4,0.25,2,3,0.667,3,3,6,7,0,0,2,3,21,15.6,-13
Tyreke Evans,40,36,1/18/2010,20,SAC,@,CHA,L (-2),1,40:32:00,40,32,0,13,20,0.65,0,2,0,8,11,0.727,1,3,4,7,2,3,3,2,34,30.8,6
Tyreke Evans,41,37,1/20/2010,20,SAC,@,ATL,L (-11),1,32:12:00,32,12,0,9,17,0.529,1,2,0.5,5,6,0.833,0,0,0,5,2,0,1,2,24,19,-12
Tyreke Evans,42,38,1/22/2010,20,SAC,@,ORL,L (-16),1,36:32:00,36,32,0,6,15,0.4,1,1,1,6,7,0.857,1,3,4,2,1,0,3,2,19,10.7,-20
Tyreke Evans,43,39,1/23/2010,20,SAC,@,MIA,L (-31),1,31:26:00,31,26,0,5,10,0.5,0,1,0,5,6,0.833,0,0,0,3,1,0,3,1,15,9.3,-27
Tyreke Evans,44,40,1/26/2010,20,SAC,,GSW,W (+3),1,37:40:00,37,40,0,8,21,0.381,0,2,0,7,9,0.778,0,6,6,4,2,0,3,3,23,13.1,-4
Tyreke Evans,45,41,1/29/2010,20,SAC,@,UTA,L (-7),1,36:38:00,36,38,0,6,14,0.429,0,1,0,13,15,0.867,1,0,1,6,2,0,4,1,25,19.3,-2
Tyreke Evans,46,42,1/30/2010,20,SAC,,CHA,L (-7),1,28:49:00,28,49,0,2,5,0.4,0,0,,0,0,,0,2,2,7,2,1,0,2,4,8.7,-9
Tyreke Evans,48,43,2/3/2010,20,SAC,,SAS,L (-2),1,38:46:00,38,46,0,11,18,0.611,3,5,0.6,7,9,0.778,0,7,7,8,2,1,4,5,32,27.4,5
Tyreke Evans,49,44,2/5/2010,20,SAC,,PHO,L (-12),1,26:48:00,26,48,0,6,11,0.545,0,1,0,1,2,0.5,2,3,5,4,1,0,0,3,13,12.2,-17
Tyreke Evans,50,45,2/7/2010,20,SAC,@,TOR,L (-11),1,39:10:00,39,10,0,3,8,0.375,0,0,,5,5,1,1,3,4,9,2,1,5,0,11,12.2,-12
Tyreke Evans,51,46,2/9/2010,20,SAC,@,NYK,W (+4),1,45:14:00,45,14,0,11,26,0.423,0,1,0,5,7,0.714,2,8,10,7,1,0,3,3,27,17.9,10
Tyreke Evans,52,47,2/10/2010,20,SAC,@,DET,W (+6),1,35:35:00,35,35,0,5,10,0.5,0,1,0,3,6,0.5,2,3,5,6,3,0,4,2,13,11.5,1
Tyreke Evans,53,48,2/16/2010,20,SAC,,BOS,L (-3),1,40:51:00,40,51,0,5,13,0.385,1,2,0.5,6,10,0.6,1,10,11,7,0,1,1,3,17,15.4,7
Tyreke Evans,54,49,2/17/2010,20,SAC,@,GSW,L (-32),1,32:16:00,32,16,0,6,12,0.5,0,1,0,5,5,1,0,5,5,10,3,0,6,4,17,14.9,-13
Tyreke Evans,55,50,2/20/2010,20,SAC,@,LAC,L (-10),1,40:05:00,40,5,0,9,14,0.643,1,3,0.333,2,7,0.286,0,3,3,4,0,0,4,4,21,10.9,-15
Tyreke Evans,56,51,2/21/2010,20,SAC,@,PHO,L (-16),1,34:59:00,34,59,0,7,13,0.538,0,0,,2,4,0.5,1,2,3,6,1,0,5,4,16,8.8,-23
Tyreke Evans,57,52,2/23/2010,20,SAC,,DET,L (-12),1,43:36:00,43,36,0,11,19,0.579,0,2,0,6,9,0.667,0,3,3,13,2,0,2,4,28,26.3,-6
Tyreke Evans,58,53,2/26/2010,20,SAC,,UTA,W (+4),1,38:06:00,38,6,0,9,17,0.529,0,1,0,6,11,0.545,0,8,8,7,1,1,2,1,24,20.3,7
Tyreke Evans,59,54,2/28/2010,20,SAC,,LAC,W (+5),1,37:09:00,37,9,0,9,21,0.429,0,0,,4,8,0.5,1,4,5,3,1,0,1,3,22,12.1,-4
Tyreke Evans,60,55,3/2/2010,20,SAC,@,OKC,L (-6),1,39:17:00,39,17,0,7,17,0.412,0,1,0,13,17,0.765,1,5,6,5,2,0,4,6,27,17.6,-3
Tyreke Evans,61,56,3/3/2010,20,SAC,@,HOU,W (+3),1,33:34:00,33,34,0,4,22,0.182,0,4,0,1,3,0.333,1,7,8,5,1,1,1,5,9,-0.6,8
Tyreke Evans,62,57,3/5/2010,20,SAC,@,DAL,L (-8),1,37:48:00,37,48,0,9,15,0.6,1,2,0.5,1,4,0.25,0,1,1,6,1,0,6,3,20,10.2,-10
Tyreke Evans,63,58,3/7/2010,20,SAC,,OKC,L (-6),1,39:37:00,39,37,0,9,16,0.563,2,3,0.667,4,7,0.571,0,4,4,7,3,0,2,1,24,21.9,-8
Tyreke Evans,64,59,3/9/2010,20,SAC,@,POR,L (-7),1,43:11:00,43,11,0,8,19,0.421,0,1,0,2,3,0.667,1,5,6,6,1,0,1,2,18,13.1,-12
Tyreke Evans,65,60,3/10/2010,20,SAC,,TOR,W (+23),1,36:17:00,36,17,0,7,15,0.467,0,2,0,5,7,0.714,1,9,10,10,0,0,2,2,19,18.1,19
Tyreke Evans,66,61,3/12/2010,20,SAC,,POR,L (-16),1,37:35:00,37,35,0,4,12,0.333,0,2,0,2,2,1,0,10,10,4,0,0,5,4,10,2.4,-19
Tyreke Evans,67,62,3/14/2010,20,SAC,,MIN,W (+14),1,38:45:00,38,45,0,10,19,0.526,2,5,0.4,7,7,1,1,8,9,11,2,0,2,2,29,29.7,25
Tyreke Evans,68,63,3/16/2010,20,SAC,,LAL,L (-7),1,42:22:00,42,22,0,7,19,0.368,1,5,0.2,10,14,0.714,2,9,11,9,0,0,1,3,25,21.1,-13
Tyreke Evans,69,64,3/19/2010,20,SAC,,MIL,L (-6),1,38:40:00,38,40,0,4,8,0.5,0,1,0,7,10,0.7,0,4,4,4,2,0,8,3,15,6.6,-12
Tyreke Evans,75,65,3/30/2010,20,SAC,@,IND,L (-7),1,38:39:00,38,39,0,6,13,0.462,1,2,0.5,4,4,1,0,7,7,10,4,0,7,3,17,15.2,-9
Tyreke Evans,76,66,3/31/2010,20,SAC,@,MIN,L (-9),1,39:06:00,39,6,0,7,19,0.368,1,2,0.5,5,7,0.714,3,4,7,13,3,0,1,2,20,22.3,-3
Tyreke Evans,77,67,4/3/2010,20,SAC,,POR,L (-11),1,34:18:00,34,18,0,2,12,0.167,1,3,0.333,1,3,0.333,2,3,5,6,1,0,4,3,6,-0.1,-18
Tyreke Evans,78,68,4/6/2010,20,SAC,,SAS,L (-9),1,42:32:00,42,32,0,10,24,0.417,1,2,0.5,1,2,0.5,1,8,9,6,0,0,4,5,22,10.1,-16
Tyreke Evans,79,69,4/8/2010,20,SAC,,LAC,W (+22),1,36:58:00,36,58,0,12,19,0.632,0,2,0,4,5,0.8,1,5,6,7,2,0,3,2,28,24.4,2
Tyreke Evans,80,70,4/10/2010,20,SAC,,DAL,L (-18),1,42:07:00,42,7,0,10,21,0.476,0,2,0,7,8,0.875,2,6,8,6,2,1,4,3,27,20.8,-15
Tyreke Evans,81,71,4/12/2010,20,SAC,,HOU,L (-10),1,37:53:00,37,53,0,8,23,0.348,0,1,0,8,10,0.8,2,4,6,4,3,0,4,2,24,13.9,-4
Tyreke Evans,82,72,4/13/2010,20,SAC,@,LAL,L (-6),1,15:56,15,56,,5,7,0.714,0,0,,0,0,,0,1,1,3,1,0,1,3,10,8.3,3
Kyrie Irvine,1,1,12/26/2011,19,CLE,,TOR,L (-8),1,26:01:00,26,1,0,2,12,0.167,1,5,0.2,1,1,1,0,3,3,7,1,0,1,2,6,3.4,-10
Kyrie Irvine,2,2,12/28/2011,19,CLE,@,DET,W (+16),1,19:50,19,50,,5,9,0.556,0,0,,4,4,1,1,3,4,7,2,0,3,1,14,14.8,4
Kyrie Irvine,3,3,12/30/2011,19,CLE,@,IND,L (-7),1,33:39:00,33,39,0,8,19,0.421,0,2,0,4,7,0.571,1,4,5,4,1,1,3,2,20,11.3,-10
Kyrie Irvine,4,4,1/1/2012,19,CLE,,NJN,W (+16),1,28:08:00,28,8,0,5,11,0.455,3,4,0.75,0,0,,1,3,4,4,0,2,4,3,13,7.9,-3
Kyrie Irvine,5,5,1/3/2012,19,CLE,,CHA,W (+14),1,21:36,21,36,,8,10,0.8,2,2,1,2,2,1,0,3,3,6,0,2,0,2,20,21.9,15
Kyrie Irvine,6,6,1/4/2012,19,CLE,@,TOR,L (-15),1,26:11:00,26,11,0,3,13,0.231,0,1,0,6,6,1,2,1,3,4,0,0,2,4,12,5,-2
Kyrie Irvine,7,7,1/6/2012,19,CLE,@,MIN,W (+11),1,29:31:00,29,31,0,5,12,0.417,1,2,0.5,3,3,1,1,4,5,5,0,1,7,4,14,5.1,0
Kyrie Irvine,8,8,1/8/2012,19,CLE,@,POR,L (-20),1,29:08:00,29,8,0,9,17,0.529,0,3,0,3,3,1,0,4,4,4,1,0,4,3,21,12.5,-12
Kyrie Irvine,9,9,1/10/2012,19,CLE,@,UTA,L (-8),1,27:16:00,27,16,0,7,14,0.5,1,4,0.25,5,6,0.833,0,0,0,5,0,0,2,5,20,12.1,1
Kyrie Irvine,10,10,1/12/2012,19,CLE,@,PHO,W (+11),1,27:59:00,27,59,0,11,17,0.647,2,4,0.5,2,2,1,1,2,3,6,2,0,6,3,26,18.8,13
Kyrie Irvine,11,11,1/13/2012,19,CLE,@,LAL,L (-5),1,28:12:00,28,12,0,8,16,0.5,2,3,0.667,3,3,1,0,0,0,4,2,0,4,2,21,13,-6
Kyrie Irvine,12,12,1/16/2012,19,CLE,@,CHA,W (+8),1,34:56:00,34,56,0,9,16,0.563,1,1,1,6,8,0.75,2,2,4,7,1,1,3,2,25,21.4,8
Kyrie Irvine,13,13,1/17/2012,19,CLE,,GSW,L (-10),1,35:45:00,35,45,0,7,13,0.538,0,3,0,4,6,0.667,1,7,8,5,1,1,6,1,18,12.5,-7
Kyrie Irvine,14,14,1/20/2012,19,CLE,,CHI,L (-39),1,22:29,22,29,,5,11,0.455,3,4,0.75,0,0,,2,0,2,3,0,0,2,1,13,8.4,-9
Kyrie Irvine,15,15,1/21/2012,19,CLE,@,ATL,L (-27),1,27:01:00,27,1,0,8,10,0.8,1,2,0.5,1,4,0.25,0,2,2,2,0,1,7,3,18,7.5,-28
Kyrie Irvine,16,16,1/24/2012,19,CLE,@,MIA,L (-7),1,25:58:00,25,58,0,7,11,0.636,1,3,0.333,2,2,1,1,3,4,4,0,0,3,3,17,12.3,-4
Kyrie Irvine,17,17,1/25/2012,19,CLE,,NYK,W (+10),1,30:04:00,30,4,0,1,7,0.143,1,4,0.25,4,4,1,0,1,1,7,1,0,2,2,7,5.9,5
Kyrie Irvine,18,18,1/27/2012,19,CLE,,NJN,L (-3),1,31:17:00,31,17,0,12,20,0.6,2,5,0.4,6,8,0.75,4,2,6,2,2,0,1,2,32,27,1
Kyrie Irvine,19,19,1/29/2012,19,CLE,@,BOS,W (+1),1,33:29:00,33,29,0,10,14,0.714,1,2,0.5,2,3,0.667,1,3,4,6,1,0,3,2,23,19.8,8
Kyrie Irvine,20,20,1/31/2012,19,CLE,,BOS,L (-3),1,37:28:00,37,28,0,7,16,0.438,1,2,0.5,6,6,1,0,1,1,6,0,0,2,1,21,14.7,3
Kyrie Irvine,21,21,2/3/2012,19,CLE,@,ORL,L (-8),1,39:43:00,39,43,0,7,21,0.333,0,1,0,4,4,1,3,1,4,6,0,0,2,2,18,9.9,-16
Kyrie Irvine,22,22,2/4/2012,19,CLE,,DAL,W (+3),1,35:57:00,35,57,0,9,17,0.529,1,3,0.333,1,1,1,1,3,4,7,2,0,1,0,20,19.2,11
Kyrie Irvine,23,23,2/7/2012,19,CLE,@,MIA,L (-16),1,33:48:00,33,48,0,5,15,0.333,2,3,0.667,4,5,0.8,1,5,6,6,2,0,5,3,16,9.3,0
Kyrie Irvine,27,24,2/15/2012,19,CLE,,IND,W (+11),1,37:11:00,37,11,0,8,12,0.667,3,5,0.6,3,4,0.75,1,2,3,5,0,1,1,2,22,20.1,6
Kyrie Irvine,28,25,2/17/2012,19,CLE,,MIA,L (-24),1,31:05:00,31,5,0,5,15,0.333,0,2,0,7,7,1,1,3,4,2,2,1,1,2,17,12.4,-23
Kyrie Irvine,29,26,2/19/2012,19,CLE,,SAC,W (+1),1,38:38:00,38,38,0,8,21,0.381,2,4,0.5,5,5,1,0,3,3,1,0,2,4,4,23,8.9,-4
Kyrie Irvine,30,27,2/21/2012,19,CLE,,DET,W (+1),1,38:35:00,38,35,0,8,15,0.533,3,4,0.75,6,6,1,1,4,5,8,2,2,6,3,25,21.4,-5
Kyrie Irvine,31,28,2/22/2012,19,CLE,,NOH,L (-5),1,37:24:00,37,24,0,2,13,0.154,0,4,0,2,2,1,0,2,2,11,0,1,2,2,6,3.9,1
Kyrie Irvine,32,29,2/28/2012,19,CLE,,BOS,L (-3),1,27:15:00,27,15,0,8,14,0.571,3,3,1,5,5,1,1,3,4,3,1,0,2,1,24,19.7,1
Kyrie Irvine,33,30,2/29/2012,19,CLE,@,NYK,L (-17),1,33:51:00,33,51,0,8,18,0.444,2,7,0.286,4,4,1,0,3,3,7,1,0,4,3,22,14.2,-19
Kyrie Irvine,35,31,3/3/2012,19,CLE,@,WAS,L (-3),1,30:54:00,30,54,0,8,14,0.571,2,3,0.667,2,4,0.5,0,1,1,6,2,0,3,2,20,15.3,9
Kyrie Irvine,36,32,3/5/2012,19,CLE,,UTA,L (-9),1,31:45:00,31,45,0,10,19,0.526,1,4,0.25,1,1,1,1,3,4,4,0,0,0,3,22,15.9,-2
Kyrie Irvine,37,33,3/7/2012,19,CLE,@,DEN,W (+1),1,32:48:00,32,48,0,8,16,0.5,0,3,0,2,2,1,1,4,5,8,3,0,3,5,18,15.5,15
Kyrie Irvine,38,34,3/9/2012,19,CLE,@,OKC,W (+6),1,30:48:00,30,48,0,4,12,0.333,0,1,0,1,2,0.5,2,4,6,12,3,0,1,1,9,14.4,4
Kyrie Irvine,39,35,3/11/2012,19,CLE,,HOU,W (+11),1,28:42:00,28,42,0,5,15,0.333,1,3,0.333,10,10,1,1,5,6,5,0,0,3,1,21,14.8,0
Kyrie Irvine,40,36,3/13/2012,19,CLE,,TOR,L (-8),1,30:16:00,30,16,0,5,17,0.294,1,4,0.25,3,4,0.75,1,6,7,7,0,0,1,4,14,8.5,-10
Kyrie Irvine,41,37,3/14/2012,19,CLE,@,MIL,L (-10),1,29:19:00,29,19,0,11,16,0.688,2,4,0.5,4,4,1,1,2,3,5,1,0,8,2,28,18.2,-6
Kyrie Irvine,42,38,3/18/2012,19,CLE,,ATL,L (-16),1,36:30:00,36,30,0,6,14,0.429,1,5,0.2,6,6,1,2,1,3,10,2,2,2,2,19,20.9,-6
Kyrie Irvine,43,39,3/19/2012,19,CLE,@,NJN,W (+5),1,31:14:00,31,14,0,8,20,0.4,3,6,0.5,7,8,0.875,1,4,5,7,1,0,4,5,26,16.6,-2
Kyrie Irvine,44,40,3/21/2012,19,CLE,@,ATL,L (-1),1,41:35:00,41,35,0,10,19,0.526,3,6,0.5,6,7,0.857,2,7,9,9,3,0,7,0,29,25.1,7
Kyrie Irvine,45,41,3/23/2012,20,CLE,@,ORL,L (-13),1,31:31:00,31,31,0,6,15,0.4,1,4,0.25,0,0,,0,4,4,6,2,0,1,1,13,10.9,-12
Kyrie Irvine,46,42,3/25/2012,20,CLE,,PHO,L (-25),1,27:56:00,27,56,0,5,11,0.455,1,2,0.5,5,5,1,2,4,6,4,1,0,5,1,16,11.3,-24
Kyrie Irvine,47,43,3/27/2012,20,CLE,@,PHI,L (-18),1,32:52:00,32,52,0,4,13,0.308,3,7,0.429,1,2,0.5,0,4,4,7,2,1,5,2,12,7.1,-13
Kyrie Irvine,48,44,3/28/2012,20,CLE,,DET,L (-12),1,36:32:00,36,32,0,9,19,0.474,1,5,0.2,3,3,1,3,6,9,6,2,0,5,2,22,16.6,-10
Kyrie Irvine,49,45,3/30/2012,20,CLE,,MIL,L (-37),1,31:59:00,31,59,0,11,20,0.55,6,6,1,1,1,1,0,3,3,5,0,0,6,1,29,17.4,-10
Kyrie Irvine,51,46,4/3/2012,20,CLE,,SAS,L (-35),1,29:41:00,29,41,0,5,15,0.333,2,7,0.286,1,1,1,0,1,1,5,0,0,3,2,13,4.5,-23
Kyrie Irvine,61,47,4/18/2012,20,CLE,,PHI,L (-16),1,19:38,19,38,,4,10,0.4,1,3,0.333,0,0,,0,3,3,4,0,0,1,1,9,5.9,-6
Kyrie Irvine,62,48,4/20/2012,20,CLE,,NYK,W (+8),1,25:41:00,25,41,0,6,15,0.4,1,7,0.143,8,8,1,0,3,3,3,1,0,2,1,21,14.5,7
Kyrie Irvine,63,49,4/22/2012,20,CLE,@,SAS,L (-16),1,29:30:00,29,30,0,8,18,0.444,1,3,0.333,2,2,1,0,2,2,3,3,1,4,2,19,11.2,-1
Kyrie Irvine,64,50,4/23/2012,20,CLE,@,MEM,L (-8),1,29:28:00,29,28,0,10,16,0.625,2,6,0.333,3,5,0.6,0,2,2,4,3,0,3,2,25,19.6,3
Kyrie Irvine,65,51,4/25/2012,20,CLE,,WAS,L (-11),1,9:47,9,47,,2,4,0.5,1,2,0.5,0,0,,0,1,1,1,0,0,0,0,5,4,-1
Michael Carter-Williams,1,1,10/30/2013,22,PHI,,MIA,W (+4),1,36:10:00,36,10,0,6,10,0.6,4,6,0.667,6,8,0.75,0,7,7,12,9,0,1,1,22,34.7,12
Michael Carter-Williams,2,2,11/1/2013,22,PHI,@,WAS,W (+7),1,32:15:00,32,15,0,6,15,0.4,2,6,0.333,0,2,0,0,3,3,5,1,0,2,4,14,6.9,8
Michael Carter-Williams,3,3,11/2/2013,22,PHI,,CHI,W (+3),1,37:09:00,37,9,0,10,22,0.455,2,5,0.4,4,5,0.8,3,1,4,10,3,0,4,1,26,22.2,6
Michael Carter-Williams,4,4,11/4/2013,22,PHI,,GSW,L (-20),1,34:56:00,34,56,0,4,17,0.235,1,7,0.143,9,12,0.75,1,5,6,4,0,0,6,3,18,4.3,-23
Michael Carter-Williams,5,5,11/6/2013,22,PHI,,WAS,L (-14),1,36:39:00,36,39,0,8,21,0.381,1,4,0.25,2,4,0.5,2,3,5,7,2,1,2,1,19,14.2,-18
Michael Carter-Williams,6,6,11/8/2013,22,PHI,,CLE,W (+15),1,34:18:00,34,18,0,4,13,0.308,2,5,0.4,1,2,0.5,4,5,9,6,1,0,3,2,11,8.8,22
Michael Carter-Williams,7,7,11/9/2013,22,PHI,@,CLE,L (-2),1,49:04:00,49,4,0,9,17,0.529,3,3,1,0,0,,2,5,7,13,2,2,4,5,21,22.1,-3
Michael Carter-Williams,8,8,11/11/2013,22,PHI,,SAS,L (-24),1,32:31:00,32,31,0,2,11,0.182,0,2,0,4,4,1,0,2,2,4,3,3,2,1,8,7.2,-18
Michael Carter-Williams,13,9,11/20/2013,22,PHI,,TOR,L (-10),1,33:33:00,33,33,0,2,10,0.2,0,2,0,6,7,0.857,1,5,6,6,0,2,6,3,10,4,-12
Michael Carter-Williams,14,10,11/22/2013,22,PHI,,MIL,W (+8),1,33:57:00,33,57,0,4,8,0.5,1,2,0.5,3,6,0.5,1,7,8,11,5,1,5,6,12,15.6,0
Michael Carter-Williams,15,11,11/23/2013,22,PHI,@,IND,L (-8),1,37:50:00,37,50,0,11,21,0.524,1,5,0.2,6,11,0.545,3,3,6,3,7,1,2,4,29,25.9,-6
Michael Carter-Williams,16,12,11/27/2013,22,PHI,@,ORL,L (-11),1,39:48:00,39,48,0,9,21,0.429,3,8,0.375,2,2,1,1,3,4,3,4,1,2,1,23,17.9,-11
Michael Carter-Williams,17,13,11/29/2013,22,PHI,,NOP,L (-16),1,32:05:00,32,5,0,4,13,0.308,1,6,0.167,1,4,0.25,1,1,2,10,1,0,5,3,10,4.1,-11
Michael Carter-Williams,18,14,12/1/2013,22,PHI,@,DET,L (-15),1,34:04:00,34,4,0,5,15,0.333,0,2,0,5,5,1,0,6,6,6,6,0,4,1,15,14.1,-8
Michael Carter-Williams,19,15,12/3/2013,22,PHI,,ORL,W (+1),1,46:32:00,46,32,0,11,19,0.579,1,5,0.2,4,7,0.571,7,5,12,10,3,0,7,4,27,24.7,12
Michael Carter-Williams,27,16,12/20/2013,22,PHI,,BRK,W (+1),1,35:26:00,35,26,0,5,13,0.385,0,2,0,5,7,0.714,1,2,3,10,3,1,3,4,15,14.5,-6
Michael Carter-Williams,28,17,12/21/2013,22,PHI,@,MIL,L (-10),1,32:55:00,32,55,0,7,16,0.438,1,3,0.333,4,5,0.8,0,3,3,12,1,0,2,5,19,16.5,0
Michael Carter-Williams,29,18,12/28/2013,22,PHI,@,PHO,L (-14),1,34:55:00,34,55,0,12,28,0.429,1,4,0.25,2,2,1,4,2,6,6,4,1,5,3,27,18.3,-14
Michael Carter-Williams,30,19,12/29/2013,22,PHI,@,LAL,W (+7),1,30:19:00,30,19,0,4,7,0.571,0,1,0,5,5,1,0,5,5,5,4,0,2,4,13,15.1,4
Michael Carter-Williams,31,20,1/1/2014,22,PHI,@,DEN,W (+12),1,34:30:00,34,30,0,5,15,0.333,0,0,,6,8,0.75,3,6,9,6,2,0,5,4,16,10.2,1
Michael Carter-Williams,32,21,1/2/2014,22,PHI,@,SAC,W (+9),1,27:22:00,27,22,0,3,11,0.273,0,2,0,1,2,0.5,1,3,4,5,2,3,3,4,7,4.7,3
Michael Carter-Williams,33,22,1/4/2014,22,PHI,@,POR,W (+2),1,33:16:00,33,16,0,5,16,0.313,0,2,0,6,8,0.75,1,8,9,4,0,1,2,1,16,10.2,-5
Michael Carter-Williams,34,23,1/6/2014,22,PHI,,MIN,L (-31),1,28:36:00,28,36,0,6,13,0.462,1,3,0.333,0,1,0,0,4,4,7,1,0,4,2,13,8.2,-23
Michael Carter-Williams,35,24,1/7/2014,22,PHI,@,CLE,L (-18),1,36:43:00,36,43,0,13,25,0.52,2,7,0.286,5,7,0.714,1,5,6,5,0,0,1,2,33,23.8,-30
Michael Carter-Williams,36,25,1/10/2014,22,PHI,,DET,L (-10),1,32:53:00,32,53,0,9,20,0.45,0,2,0,3,4,0.75,1,6,7,4,4,0,4,4,21,13.9,-7
Michael Carter-Williams,37,26,1/11/2014,22,PHI,,NYK,L (-10),1,36:29:00,36,29,0,3,6,0.5,0,1,0,5,6,0.833,1,6,7,7,2,0,2,3,11,13.8,-2
Michael Carter-Williams,38,27,1/15/2014,22,PHI,,CHA,W (+3),1,32:08:00,32,8,0,8,15,0.533,1,3,0.333,3,6,0.5,3,5,8,7,0,0,2,2,20,17.2,9
Michael Carter-Williams,39,28,1/17/2014,22,PHI,,MIA,L (-15),1,24:28:00,24,28,0,1,7,0.143,0,3,0,5,6,0.833,0,1,1,2,1,0,5,2,7,-1,-24
Michael Carter-Williams,40,29,1/18/2014,22,PHI,@,CHI,L (-25),1,32:57:00,32,57,0,5,22,0.227,0,1,0,0,0,,3,2,5,5,1,0,5,3,10,-2.4,-20
Michael Carter-Williams,41,30,1/20/2014,22,PHI,@,WAS,L (-8),1,34:02:00,34,2,0,13,22,0.591,1,2,0.5,4,8,0.5,1,5,6,5,3,0,2,1,31,25.5,-10
Michael Carter-Williams,42,31,1/22/2014,22,PHI,@,NYK,W (+4),1,36:35:00,36,35,0,5,18,0.278,2,2,1,7,10,0.7,6,6,12,7,2,0,3,4,19,15.5,16
Michael Carter-Williams,43,32,1/24/2014,22,PHI,,TOR,L (-9),1,35:16:00,35,16,0,6,15,0.4,3,5,0.6,5,6,0.833,0,3,3,5,2,0,4,3,20,12.7,-9
Michael Carter-Williams,44,33,1/25/2014,22,PHI,,OKC,L (-12),1,33:18:00,33,18,0,4,13,0.308,0,3,0,0,1,0,2,1,3,4,2,2,2,2,8,5.2,-11
Michael Carter-Williams,45,34,1/27/2014,22,PHI,,PHO,L (-11),1,38:52:00,38,52,0,7,19,0.368,1,3,0.333,7,7,1,0,2,2,11,1,1,3,2,22,17.7,-11
Michael Carter-Williams,46,35,1/29/2014,22,PHI,@,BOS,W (+1),1,35:26:00,35,26,0,4,14,0.286,0,2,0,2,5,0.4,0,5,5,7,1,2,3,3,10,5.2,10
Michael Carter-Williams,47,36,1/31/2014,22,PHI,,ATL,L (-26),1,32:42:00,32,42,0,4,9,0.444,1,3,0.333,8,10,0.8,0,4,4,5,1,0,3,4,17,12.6,-16
Michael Carter-Williams,49,37,2/3/2014,22,PHI,@,BRK,L (-6),1,36:06:00,36,6,0,6,17,0.353,3,6,0.5,6,7,0.857,1,1,2,4,1,2,6,3,21,10.1,-12
Michael Carter-Williams,50,38,2/5/2014,22,PHI,,BOS,L (-6),1,33:26:00,33,26,0,5,16,0.313,0,3,0,1,2,0.5,1,2,3,6,0,0,4,4,11,1.3,-1
Michael Carter-Williams,51,39,2/7/2014,22,PHI,,LAL,L (-14),1,30:04:00,30,4,0,4,12,0.333,1,4,0.25,1,4,0.25,1,5,6,7,1,1,4,3,10,5.6,-11
Michael Carter-Williams,52,40,2/9/2014,22,PHI,@,LAC,L (-45),1,34:37:00,34,37,0,5,18,0.278,0,3,0,4,5,0.8,4,3,7,5,1,2,8,5,14,2.6,-25
Michael Carter-Williams,53,41,2/10/2014,22,PHI,@,GSW,L (-43),1,31:04:00,31,4,0,8,18,0.444,1,3,0.333,7,10,0.7,1,3,4,3,0,0,4,3,24,11.9,-17
Michael Carter-Williams,54,42,2/12/2014,22,PHI,@,UTA,L (-5),1,37:15:00,37,15,0,6,13,0.462,0,0,,7,9,0.778,0,5,5,8,2,3,3,4,19,18.1,19
Michael Carter-Williams,55,43,2/18/2014,22,PHI,,CLE,L (-29),1,30:49:00,30,49,0,5,14,0.357,0,2,0,5,8,0.625,0,3,3,1,0,0,7,3,15,-0.6,-16
Michael Carter-Williams,56,44,2/21/2014,22,PHI,,DAL,L (-12),1,38:17:00,38,17,0,9,19,0.474,0,3,0,7,9,0.778,2,3,5,6,0,0,2,3,25,17.8,-22
Michael Carter-Williams,57,45,2/24/2014,22,PHI,,MIL,L (-20),1,33:58:00,33,58,0,7,11,0.636,0,2,0,6,9,0.667,2,0,2,3,2,1,5,4,20,13.5,6
Michael Carter-Williams,58,46,2/26/2014,22,PHI,,ORL,L (-11),1,31:32:00,31,32,0,3,13,0.231,0,1,0,2,3,0.667,2,4,6,4,3,0,3,2,8,4.3,-15
Michael Carter-Williams,59,47,3/1/2014,22,PHI,,WAS,L (-19),1,30:13:00,30,13,0,5,14,0.357,1,2,0.5,4,6,0.667,0,6,6,7,0,0,4,3,15,7.9,-26
Michael Carter-Williams,60,48,3/2/2014,22,PHI,@,ORL,L (-11),1,31:52:00,31,52,0,7,20,0.35,0,3,0,3,4,0.75,4,7,11,6,1,1,8,4,17,6.6,-9
Michael Carter-Williams,61,49,3/4/2014,22,PHI,@,OKC,L (-33),1,32:37:00,32,37,0,4,12,0.333,1,3,0.333,5,8,0.625,0,4,4,5,2,0,3,1,14,9.3,-16
Michael Carter-Williams,62,50,3/8/2014,22,PHI,,UTA,L (-12),1,34:19:00,34,19,0,2,13,0.154,0,3,0,0,0,,0,7,7,9,5,1,4,3,4,4.6,-6
Michael Carter-Williams,63,51,3/10/2014,22,PHI,@,NYK,L (-13),1,36:42:00,36,42,0,8,12,0.667,1,2,0.5,6,9,0.667,2,11,13,10,2,0,4,4,23,24.7,0
Michael Carter-Williams,64,52,3/12/2014,22,PHI,,SAC,L (-17),1,38:23:00,38,23,0,5,14,0.357,1,3,0.333,2,3,0.667,1,6,7,2,0,1,7,4,13,0.8,-14
Michael Carter-Williams,65,53,3/14/2014,22,PHI,,IND,L (-7),1,41:24:00,41,24,0,5,16,0.313,1,4,0.25,1,1,1,2,7,9,8,1,1,3,4,12,9,-7
Michael Carter-Williams,66,54,3/15/2014,22,PHI,,MEM,L (-26),1,33:23:00,33,23,0,10,16,0.625,1,3,0.333,2,3,0.667,2,6,8,3,1,0,6,2,23,14.9,-16
Michael Carter-Williams,67,55,3/17/2014,22,PHI,@,IND,L (-9),1,42:47:00,42,47,0,7,20,0.35,0,4,0,1,5,0.2,1,12,13,5,1,1,6,5,15,3.7,-7
Michael Carter-Williams,68,56,3/19/2014,22,PHI,,CHI,L (-8),1,37:35:00,37,35,0,7,16,0.438,0,2,0,2,4,0.5,2,7,9,7,1,0,3,6,16,10.8,-2
Michael Carter-Williams,69,57,3/21/2014,22,PHI,,NYK,L (-1),1,39:25:00,39,25,0,10,21,0.476,2,6,0.333,0,0,,4,9,13,9,2,1,2,4,22,22.2,7
Michael Carter-Williams,70,58,3/22/2014,22,PHI,@,CHI,L (-10),1,38:08:00,38,8,0,3,14,0.214,0,2,0,1,1,1,2,9,11,6,1,0,3,4,7,3.1,-2
Michael Carter-Williams,71,59,3/24/2014,22,PHI,@,SAS,L (-22),1,38:02:00,38,2,0,5,20,0.25,2,8,0.25,5,7,0.714,2,5,7,4,2,0,3,2,17,8.1,-5
Michael Carter-Williams,72,60,3/27/2014,22,PHI,@,HOU,L (-22),1,27:43:00,27,43,0,2,11,0.182,0,3,0,0,0,,1,0,1,10,2,0,3,3,4,2.6,-17
Michael Carter-Williams,73,61,3/29/2014,22,PHI,,DET,W (+25),1,30:42:00,30,42,0,6,14,0.429,1,2,0.5,8,10,0.8,2,5,7,4,4,1,4,1,21,18.8,20
Michael Carter-Williams,74,62,3/31/2014,22,PHI,@,ATL,L (-8),1,33:48:00,33,48,0,7,14,0.5,0,2,0,2,2,1,1,8,9,9,3,0,3,3,16,17.2,1
Michael Carter-Williams,75,63,4/2/2014,22,PHI,,CHA,L (-30),1,26:34:00,26,34,0,10,18,0.556,0,2,0,2,4,0.5,2,5,7,3,0,1,1,3,22,16.1,-18
Michael Carter-Williams,76,64,4/4/2014,22,PHI,@,BOS,W (+9),1,33:51:00,33,51,0,9,14,0.643,0,0,,6,9,0.667,1,5,6,6,1,1,1,3,24,22.5,3
Michael Carter-Williams,77,65,4/5/2014,22,PHI,,BRK,L (-4),1,30:36:00,30,36,0,3,8,0.375,0,0,,6,9,0.667,0,5,5,11,1,0,0,4,12,15,-5
Michael Carter-Williams,78,66,4/9/2014,22,PHI,@,TOR,L (-11),1,36:55:00,36,55,0,7,12,0.583,0,0,,5,5,1,2,7,9,8,0,0,3,4,19,17.9,-13
Michael Carter-Williams,79,67,4/11/2014,22,PHI,@,MEM,L (-22),1,26:51:00,26,51,0,4,13,0.308,0,0,,0,0,,0,6,6,5,1,0,1,1,8,5.4,-14
Michael Carter-Williams,80,68,4/12/2014,22,PHI,@,CHA,L (-6),1,36:35:00,36,35,0,7,11,0.636,0,0,,9,10,0.9,1,6,7,8,1,0,3,4,23,22.2,-5
Michael Carter-Williams,81,69,4/14/2014,22,PHI,,BOS,W (+5),1,34:19:00,34,19,0,9,13,0.692,0,0,,3,4,0.75,1,13,14,6,4,2,3,3,21,25.1,-7
Michael Carter-Williams,82,70,4/16/2014,22,PHI,@,MIA,W (+13),1,34:04:00,34,4,0,3,10,0.3,3,5,0.6,3,4,0.75,0,6,6,4,0,1,3,2,12,7.3,-2
Malcolm Brogdon,31,31,12/30/2016,24,MIL,@,MIN,L (-17),1,32:46:00,32,46,0,4,8,0.5,1,2,0.5,2,2,1,1,3,4,4,1,0,2,1,11,10,-7
Malcolm Brogdon,32,32,12/31/2016,24,MIL,@,CHI,W (+20),1,38:59:00,38,59,0,7,13,0.538,1,2,0.5,0,0,,1,9,10,12,0,0,3,4,15,15.9,22
Malcolm Brogdon,33,33,1/2/2017,24,MIL,,OKC,W (+4),1,32:20:00,32,20,0,3,12,0.25,1,4,0.25,5,5,1,0,2,2,5,0,0,2,5,12,4.9,-5
Malcolm Brogdon,34,34,1/4/2017,24,MIL,@,NYK,W (+1),1,38:26:00,38,26,0,5,14,0.357,0,3,0,2,2,1,1,5,6,8,0,0,0,2,12,11.2,3
Malcolm Brogdon,35,35,1/6/2017,24,MIL,,NYK,L (-5),1,30:35:00,30,35,0,4,9,0.444,0,1,0,2,2,1,0,6,6,5,0,0,1,2,10,8.8,-12
Malcolm Brogdon,36,36,1/8/2017,24,MIL,,WAS,L (-6),1,35:55:00,35,55,0,9,15,0.6,2,4,0.5,2,2,1,0,1,1,5,3,1,4,2,22,17.8,-5
Malcolm Brogdon,37,37,1/10/2017,24,MIL,@,SAS,W (+2),1,25:22:00,25,22,0,5,11,0.455,3,5,0.6,4,5,0.8,2,4,6,6,0,1,1,3,17,16.2,8
Malcolm Brogdon,38,38,1/13/2017,24,MIL,,MIA,W (+8),1,30:17:00,30,17,0,3,6,0.5,1,2,0.5,6,6,1,3,3,6,5,2,0,1,4,13,15.9,8
Malcolm Brogdon,39,39,1/15/2017,24,MIL,@,ATL,L (-13),1,25:43:00,25,43,0,5,10,0.5,2,3,0.667,0,0,,0,0,0,0,2,1,2,2,12,6.9,-2
Malcolm Brogdon,40,40,1/16/2017,24,MIL,,PHI,L (-9),1,28:06:00,28,6,0,5,11,0.455,1,2,0.5,0,0,,0,2,2,6,2,0,1,0,11,11.1,-1
Malcolm Brogdon,41,41,1/18/2017,24,MIL,@,HOU,L (-19),1,34:57:00,34,57,0,3,12,0.25,1,4,0.25,0,0,,6,3,9,8,1,0,3,1,7,8.1,-18
Malcolm Brogdon,42,42,1/20/2017,24,MIL,@,ORL,L (-16),1,35:18:00,35,18,0,6,11,0.545,4,6,0.667,0,0,,0,2,2,4,1,0,1,3,16,12.9,9
Malcolm Brogdon,59,59,3/1/2017,24,MIL,,DEN,L (-12),1,33:54:00,33,54,0,7,16,0.438,2,3,0.667,1,1,1,1,1,2,3,3,0,1,1,17,13.3,-9
Malcolm Brogdon,60,60,3/3/2017,24,MIL,,LAC,W (+11),1,23:37,23,37,,4,8,0.5,4,5,0.8,0,0,,0,3,3,0,0,0,1,3,12,6.7,-11
Malcolm Brogdon,61,61,3/4/2017,24,MIL,,TOR,W (+7),1,41:32:00,41,32,0,6,13,0.462,0,4,0,5,6,0.833,1,4,5,3,0,0,1,1,17,12.5,7
Malcolm Brogdon,62,62,3/6/2017,24,MIL,@,PHI,W (+14),1,20:49,20,49,,6,7,0.857,1,1,1,0,0,,1,4,5,1,1,1,2,0,13,12.8,10
Malcolm Brogdon,63,63,3/8/2017,24,MIL,,NYK,W (+11),1,22:19,22,19,,1,8,0.125,0,3,0,2,2,1,1,0,1,3,1,0,1,1,4,1.2,-7
Malcolm Brogdon,67,65,3/15/2017,24,MIL,@,LAC,W (+1),1,25:41:00,25,41,0,5,10,0.5,1,3,0.333,0,0,,0,2,2,5,1,0,0,2,11,10.3,-9
Malcolm Brogdon,68,66,3/17/2017,24,MIL,@,LAL,W (+4),1,31:35:00,31,35,0,2,7,0.286,0,4,0,2,2,1,0,5,5,2,2,0,2,3,6,3.6,-9
Malcolm Brogdon,69,67,3/18/2017,24,MIL,@,GSW,L (-25),1,40:33:00,40,33,0,6,13,0.462,2,6,0.333,4,4,1,1,3,4,3,1,1,0,2,18,15.9,-15
Malcolm Brogdon,70,68,3/21/2017,24,MIL,@,POR,W (+3),1,25:53:00,25,53,0,4,6,0.667,0,2,0,0,0,,1,6,7,4,1,0,1,3,8,9.5,0
Malcolm Brogdon,71,69,3/22/2017,24,MIL,@,SAC,W (+18),1,29:15:00,29,15,0,5,8,0.625,2,4,0.5,0,0,,0,1,1,4,1,0,2,2,12,9.7,11
Malcolm Brogdon,72,70,3/24/2017,24,MIL,,ATL,W (+3),1,35:19:00,35,19,0,6,14,0.429,1,4,0.25,1,1,1,1,2,3,7,0,0,3,3,14,8.6,-8
Malcolm Brogdon,73,71,3/26/2017,24,MIL,,CHI,L (-15),1,30:13:00,30,13,0,5,12,0.417,0,1,0,4,4,1,3,1,4,4,2,0,1,1,14,13.4,-11
Malcolm Brogdon,74,72,3/28/2017,24,MIL,@,CHO,W (+10),1,29:06:00,29,6,0,6,7,0.857,2,2,1,0,0,,0,3,3,10,1,0,1,1,14,19,12
Malcolm Brogdon,75,73,3/29/2017,24,MIL,@,BOS,W (+3),1,28:43:00,28,43,0,7,12,0.583,0,1,0,2,2,1,0,4,4,9,1,1,0,4,16,18,-10
Malcolm Brogdon,81,74,4/10/2017,24,MIL,,CHO,W (+10),1,25:16:00,25,16,0,2,6,0.333,1,3,0.333,0,0,,1,3,4,3,0,0,3,0,5,2.3,19
Malcolm Brogdon,82,75,4/12/2017,24,MIL,@,BOS,L (-18),1,23:19,23,19,,5,10,0.5,1,2,0.5,0,0,,2,3,5,3,1,1,0,0,11,12.1,1
Ben Simmons,1,1,10/18/2017,21,PHI,@,WAS,L (-5),1,34:40:00,34,40,0,7,14,0.5,0,0,,4,6,0.667,3,7,10,5,2,1,1,3,18,18.4,3
Ben Simmons,2,2,10/20/2017,21,PHI,,BOS,L (-10),1,36:54:00,36,54,0,4,11,0.364,0,0,,3,6,0.5,3,8,11,5,1,0,4,2,11,7.9,-7
Ben Simmons,3,3,10/21/2017,21,PHI,@,TOR,L (-34),1,33:23:00,33,23,0,7,16,0.438,0,2,0,4,8,0.5,1,9,10,8,0,0,3,0,18,14,-20
Ben Simmons,4,4,10/23/2017,21,PHI,@,DET,W (+11),1,33:36:00,33,36,0,8,11,0.727,0,0,,5,6,0.833,2,10,12,10,1,0,4,2,21,23.7,12
Ben Simmons,5,5,10/25/2017,21,PHI,,HOU,L (-1),1,34:04:00,34,4,0,7,17,0.412,0,1,0,0,2,0,2,5,7,9,3,1,4,2,14,12.2,-13
Ben Simmons,6,6,10/28/2017,21,PHI,@,DAL,W (+2),1,33:38:00,33,38,0,10,15,0.667,0,0,,3,4,0.75,2,5,7,8,3,1,1,3,23,26.1,-1
Ben Simmons,7,7,10/30/2017,21,PHI,@,HOU,W (+8),1,38:34:00,38,34,0,10,15,0.667,0,1,0,4,9,0.444,1,6,7,9,0,0,5,3,24,18.1,10
Ben Simmons,8,8,11/1/2017,21,PHI,,ATL,W (+10),1,33:30:00,33,30,0,8,16,0.5,0,1,0,3,6,0.5,4,9,13,9,2,0,4,2,19,18.8,14
Ben Simmons,9,9,11/3/2017,21,PHI,,IND,W (+11),1,38:32:00,38,32,0,5,13,0.385,0,0,,4,4,1,2,9,11,11,2,3,5,3,14,16.6,12
Ben Simmons,10,10,11/7/2017,21,PHI,@,UTA,W (+7),1,36:04:00,36,4,0,7,22,0.318,0,1,0,2,2,1,1,12,13,6,3,3,6,5,16,9,2
Ben Simmons,11,11,11/9/2017,21,PHI,@,SAC,L (-1),1,26:53:00,26,53,0,6,8,0.75,0,0,,6,8,0.75,0,2,2,6,2,0,4,5,18,14.8,4
Ben Simmons,12,12,11/11/2017,21,PHI,@,GSW,L (-21),1,28:52:00,28,52,0,6,17,0.353,0,0,,1,4,0.25,3,2,5,8,2,0,4,1,13,8.2,-10
Ben Simmons,13,13,11/13/2017,21,PHI,@,LAC,W (+4),1,37:33:00,37,33,0,9,14,0.643,0,1,0,4,6,0.667,4,8,12,4,1,1,5,5,22,17.7,7
Ben Simmons,14,14,11/15/2017,21,PHI,@,LAL,W (+6),1,39:06:00,39,6,0,8,13,0.615,0,0,,2,4,0.5,3,6,9,10,5,1,1,1,18,26.5,19
Ben Simmons,15,15,11/18/2017,21,PHI,,GSW,L (-8),1,37:46:00,37,46,0,11,15,0.733,0,0,,1,2,0.5,2,6,8,12,1,0,1,3,23,26.9,7
Ben Simmons,16,16,11/20/2017,21,PHI,,UTA,W (+21),1,34:16:00,34,16,0,13,24,0.542,0,0,,1,4,0.25,2,8,10,2,4,0,4,2,27,18.6,6
Ben Simmons,17,17,11/22/2017,21,PHI,,POR,W (+20),1,39:04:00,39,4,0,8,20,0.4,0,0,,0,2,0,0,8,8,9,3,2,3,1,16,14.1,18
Ben Simmons,19,18,11/27/2017,21,PHI,,CLE,L (-22),1,35:09:00,35,9,0,5,11,0.455,0,0,,0,0,,3,5,8,2,3,1,4,3,10,7.8,-16
Ben Simmons,20,19,11/29/2017,21,PHI,,WAS,W (+5),1,40:36:00,40,36,0,8,16,0.5,0,1,0,15,29,0.517,5,13,18,4,2,2,6,3,31,23.8,11
Ben Simmons,21,20,11/30/2017,21,PHI,@,BOS,L (-11),1,39:56:00,39,56,0,6,14,0.429,0,0,,3,4,0.75,4,2,6,7,5,0,5,1,15,15.1,-10
Ben Simmons,22,21,12/2/2017,21,PHI,,DET,W (+5),1,39:11:00,39,11,0,2,6,0.333,0,0,,1,2,0.5,3,7,10,6,0,2,4,3,5,5.8,6
Ben Simmons,23,22,12/4/2017,21,PHI,,PHO,L (-14),1,36:13:00,36,13,0,9,18,0.5,0,0,,2,2,1,1,7,8,7,6,0,3,3,20,20.5,-10
Ben Simmons,24,23,12/7/2017,21,PHI,,LAL,L (-3),1,42:34:00,42,34,0,6,14,0.429,0,0,,0,2,0,0,12,12,15,0,1,4,4,12,13,9
Ben Simmons,25,24,12/9/2017,21,PHI,@,CLE,L (-7),1,35:32:00,35,32,0,7,13,0.538,0,0,,0,0,,0,6,6,10,1,1,7,3,14,10,-6
Ben Simmons,26,25,12/10/2017,21,PHI,@,NOP,L (-7),1,35:53:00,35,53,0,10,16,0.625,0,0,,7,9,0.778,2,3,5,10,0,1,5,4,27,22.4,-4
Ben Simmons,27,26,12/12/2017,21,PHI,@,MIN,W (+6),1,40:20:00,40,20,0,3,8,0.375,0,0,,1,3,0.333,0,3,3,8,1,0,7,0,7,2.3,3
Ben Simmons,28,27,12/15/2017,21,PHI,,OKC,L (-2),1,51:34:00,51,34,0,6,10,0.6,0,0,,0,2,0,1,8,9,11,4,0,3,5,12,16.4,-3
Ben Simmons,29,28,12/18/2017,21,PHI,@,CHI,L (-2),1,34:57:00,34,57,0,9,18,0.5,0,1,0,1,5,0.2,4,7,11,10,0,4,3,2,19,19.3,1
Ben Simmons,30,29,12/19/2017,21,PHI,,SAC,L (-6),1,32:48:00,32,48,0,5,6,0.833,0,0,,3,5,0.6,1,11,12,9,3,0,4,3,13,18.1,0
Ben Simmons,31,30,12/21/2017,21,PHI,,TOR,L (-5),1,33:23:00,33,23,0,9,14,0.643,0,0,,2,5,0.4,2,4,6,4,0,1,7,3,20,10.5,-8
Ben Simmons,32,31,12/23/2017,21,PHI,@,TOR,L (-16),1,32:37:00,32,37,0,5,13,0.385,0,0,,0,2,0,2,3,5,6,1,0,3,2,10,5.8,-8
Ben Simmons,33,32,12/25/2017,21,PHI,@,NYK,W (+7),1,32:59:00,32,59,0,4,8,0.5,0,0,,0,2,0,1,7,8,3,1,1,2,3,8,6.6,-4
Ben Simmons,34,33,12/28/2017,21,PHI,@,POR,L (-4),1,33:51:00,33,51,0,7,17,0.412,0,0,,3,3,1,1,3,4,8,1,0,3,4,17,11.5,5
Ben Simmons,35,34,12/30/2017,21,PHI,@,DEN,W (+5),1,32:04:00,32,4,0,3,9,0.333,0,0,,0,0,,1,5,6,6,0,1,5,5,6,1,-11
Ben Simmons,36,35,12/31/2017,21,PHI,@,PHO,W (+13),1,32:07:00,32,7,0,7,11,0.636,0,0,,7,11,0.636,0,9,9,6,3,3,5,5,21,19.5,9
Ben Simmons,37,36,1/3/2018,21,PHI,,SAS,W (+6),1,33:42:00,33,42,0,8,18,0.444,0,1,0,10,15,0.667,1,4,5,4,3,1,4,3,26,17.8,2
Ben Simmons,38,37,1/5/2018,21,PHI,,DET,W (+36),1,23:01,23,1,,9,13,0.692,0,0,,1,1,1,2,2,4,9,2,2,4,4,19,19.6,14
Ben Simmons,39,38,1/11/2018,21,PHI,,BOS,L (-11),1,28:32:00,28,32,0,8,12,0.667,0,0,,0,0,,0,2,2,3,2,2,3,2,16,13.1,-17
Ben Simmons,40,39,1/15/2018,21,PHI,,TOR,W (+6),1,27:16:00,27,16,0,5,10,0.5,0,0,,2,4,0.5,0,1,1,4,2,2,6,5,12,4.7,1
Ben Simmons,41,40,1/18/2018,21,PHI,@,BOS,W (+9),1,34:09:00,34,9,0,4,9,0.444,0,0,,0,0,,2,5,7,4,1,0,3,3,8,5.8,-3
Ben Simmons,42,41,1/20/2018,21,PHI,,MIL,W (+22),1,30:32:00,30,32,0,8,13,0.615,0,0,,0,0,,1,7,8,9,1,0,4,4,16,14.6,12
Ben Simmons,43,42,1/22/2018,21,PHI,@,MEM,L (-4),1,35:02:00,35,2,0,3,8,0.375,0,0,,0,0,,1,2,3,7,1,0,4,5,6,2.8,6
Ben Simmons,44,43,1/24/2018,21,PHI,,CHI,W (+14),1,38:47:00,38,47,0,6,15,0.4,0,0,,7,10,0.7,3,14,17,14,0,2,6,4,19,19.6,18
Ben Simmons,45,44,1/26/2018,21,PHI,@,SAS,W (+19),1,33:43:00,33,43,0,10,11,0.909,0,0,,1,2,0.5,1,4,5,7,2,1,3,1,21,23,20
Ben Simmons,46,45,1/28/2018,21,PHI,@,OKC,L (-10),1,39:17:00,39,17,0,10,14,0.714,0,0,,2,6,0.333,1,3,4,7,1,1,1,1,22,21.4,-12
Ben Simmons,47,46,1/29/2018,21,PHI,@,MIL,L (-12),1,29:27:00,29,27,0,7,10,0.7,0,0,,2,3,0.667,0,6,6,5,1,0,2,3,16,14.5,-8
Ben Simmons,48,47,1/31/2018,21,PHI,@,BRK,L (-8),1,37:54:00,37,54,0,11,16,0.688,0,0,,2,2,1,1,1,2,7,1,0,1,1,24,22.7,2
Ben Simmons,49,48,2/2/2018,21,PHI,,MIA,W (+6),1,35:08:00,35,8,0,8,13,0.615,0,0,,4,4,1,2,4,6,5,2,1,0,1,20,22.5,11
Ben Simmons,50,49,2/3/2018,21,PHI,@,IND,L (-8),1,35:13:00,35,13,0,4,13,0.308,0,0,,2,6,0.333,5,6,11,6,1,0,0,3,10,10.2,2
Ben Simmons,51,50,2/6/2018,21,PHI,,WAS,W (+13),1,35:37:00,35,37,0,6,8,0.75,0,0,,3,5,0.6,3,3,6,8,3,1,5,2,15,17.5,9
Ben Simmons,52,51,2/9/2018,21,PHI,,NOP,W (+18),1,25:08:00,25,8,0,3,11,0.273,0,0,,4,4,1,2,7,9,8,3,1,4,1,10,11.9,20
Ben Simmons,53,52,2/10/2018,21,PHI,,LAC,W (+14),1,35:26:00,35,26,0,7,13,0.538,0,0,,0,1,0,1,4,5,10,2,1,4,2,14,14.1,13
Ben Simmons,54,53,2/12/2018,21,PHI,,NYK,W (+16),1,32:44:00,32,44,0,6,8,0.75,0,0,,1,2,0.5,1,5,6,6,4,3,3,2,13,18.1,10
Ben Simmons,55,54,2/14/2018,21,PHI,,MIA,W (+2),1,36:28:00,36,28,0,8,15,0.533,0,0,,2,5,0.4,4,8,12,10,4,0,4,1,18,21.3,4
Ben Simmons,56,55,2/22/2018,21,PHI,@,CHI,W (+1),1,34:12:00,34,12,0,13,18,0.722,0,0,,6,11,0.545,3,4,7,11,1,1,2,1,32,32.9,15
Ben Simmons,57,56,2/24/2018,21,PHI,,ORL,W (+11),1,28:34:00,28,34,0,7,11,0.636,0,0,,3,4,0.75,1,3,4,7,1,0,2,2,17,16.4,6
Ben Simmons,58,57,2/25/2018,21,PHI,@,WAS,L (-15),1,36:46:00,36,46,0,6,12,0.5,0,0,,4,6,0.667,4,4,8,8,1,1,2,3,16,17.3,-9
Ben Simmons,59,58,2/27/2018,21,PHI,@,MIA,L (-1),1,33:24:00,33,24,0,4,9,0.444,0,0,,3,6,0.5,1,5,6,6,0,1,4,4,11,6.6,-11
Ben Simmons,60,59,3/1/2018,21,PHI,@,CLE,W (+11),1,31:49:00,31,49,0,8,14,0.571,0,0,,2,2,1,1,8,9,8,2,1,2,5,18,18.8,11
Ben Simmons,61,60,3/2/2018,21,PHI,,CHO,W (+11),1,34:06:00,34,6,0,6,10,0.6,0,0,,3,4,0.75,1,7,8,7,0,1,3,1,15,15,10
Ben Simmons,62,61,3/4/2018,21,PHI,@,MIL,L (-8),1,35:06:00,35,6,0,6,9,0.667,0,0,,0,0,,1,4,5,15,0,2,6,2,12,15.1,7
Ben Simmons,63,62,3/6/2018,21,PHI,@,CHO,W (+14),1,32:55:00,32,55,0,8,9,0.889,0,0,,0,0,,1,7,8,13,0,0,1,1,16,23.4,16
Ben Simmons,64,63,3/8/2018,21,PHI,@,MIA,L (-9),1,35:09:00,35,9,0,5,10,0.5,0,0,,0,0,,2,6,8,8,3,2,5,2,10,12.4,-7
Ben Simmons,65,64,3/11/2018,21,PHI,@,BRK,W (+23),1,28:39:00,28,39,0,4,9,0.444,0,0,,3,4,0.75,1,5,6,6,0,0,1,3,11,10.1,6
Ben Simmons,66,65,3/13/2018,21,PHI,,IND,L (-3),1,30:04:00,30,4,0,4,10,0.4,0,0,,2,2,1,1,12,13,10,0,0,2,3,10,12.7,-2
Ben Simmons,67,66,3/15/2018,21,PHI,@,NYK,W (+8),1,33:26:00,33,26,0,5,11,0.455,0,0,,3,8,0.375,3,7,10,12,1,0,5,2,13,13.1,5
Ben Simmons,68,67,3/16/2018,21,PHI,,BRK,W (+4),1,37:03:00,37,3,0,10,17,0.588,0,0,,1,4,0.25,4,4,8,12,3,0,2,4,21,23.7,4
Ben Simmons,69,68,3/19/2018,21,PHI,,CHO,W (+14),1,33:01:00,33,1,0,4,9,0.444,0,0,,3,4,0.75,3,9,12,15,3,0,0,0,11,24.2,30
Ben Simmons,70,69,3/21/2018,21,PHI,,MEM,W (+14),1,24:44:00,24,44,0,6,9,0.667,0,0,,1,1,1,1,6,7,9,2,0,3,1,13,16.5,28
Ben Simmons,71,70,3/22/2018,21,PHI,@,ORL,W (+20),1,26:32:00,26,32,0,3,4,0.75,0,0,,0,2,0,0,11,11,10,3,1,4,3,6,12.4,23
Ben Simmons,72,71,3/24/2018,21,PHI,,MIN,W (+12),1,29:46:00,29,46,0,5,9,0.556,0,0,,5,8,0.625,2,10,12,13,2,0,4,2,15,20.2,27
Ben Simmons,73,72,3/26/2018,21,PHI,,DEN,W (+19),1,33:36:00,33,36,0,3,8,0.375,0,1,0,1,2,0.5,6,7,13,11,0,1,1,4,7,14.3,3
Ben Simmons,74,73,3/28/2018,21,PHI,,NYK,W (+17),1,34:25:00,34,25,0,6,7,0.857,0,0,,1,4,0.25,2,6,8,10,0,1,4,1,13,15.8,9
Ben Simmons,75,74,3/30/2018,21,PHI,@,ATL,W (+10),1,26:30:00,26,30,0,6,11,0.545,0,0,,1,3,0.333,0,12,12,11,1,2,2,2,13,17.8,21
Ben Simmons,76,75,4/1/2018,21,PHI,@,CHO,W (+17),1,31:52:00,31,52,0,10,17,0.588,0,0,,0,0,,1,7,8,15,3,2,1,0,20,28.8,21
Ben Simmons,77,76,4/3/2018,21,PHI,,BRK,W (+26),1,25:14:00,25,14,0,7,10,0.7,0,0,,1,2,0.5,1,11,12,6,1,0,4,2,15,14.8,21
Ben Simmons,78,77,4/4/2018,21,PHI,@,DET,W (+7),1,32:06:00,32,6,0,7,10,0.7,0,0,,2,4,0.5,0,6,6,7,1,0,2,1,16,16.3,-2
Ben Simmons,79,78,4/6/2018,21,PHI,,CLE,W (+2),1,36:08:00,36,8,0,12,17,0.706,0,0,,3,5,0.6,3,12,15,13,4,1,3,4,27,34,-3
Ben Simmons,80,79,4/8/2018,21,PHI,,DAL,W (+12),1,30:35:00,30,35,0,7,10,0.7,0,0,,2,6,0.333,2,5,7,9,4,1,3,3,16,19.9,15
Ben Simmons,81,80,4/10/2018,21,PHI,@,ATL,W (+8),1,28:53:00,28,53,0,5,9,0.556,0,0,,4,8,0.5,1,9,10,6,2,1,6,6,14,10,-4
Ben Simmons,82,81,4/11/2018,21,PHI,,MIL,W (+35),1,22:04,22,4,,1,6,0.167,0,0,,2,2,1,2,4,6,7,0,2,4,2,4,4.3,15
Luka Doncic,1,1,10/17/2018,19,DAL,@,PHO,L (-21),1,31:47:00,31,47,0,5,16,0.313,0,5,0,0,2,0,2,6,8,4,0,0,4,3,10,0.8,-18
Luka Doncic,2,2,10/20/2018,19,DAL,,MIN,W (+4),1,36:14:00,36,14,0,8,16,0.5,4,9,0.444,6,9,0.667,1,5,6,3,2,1,6,3,26,16.6,6
Luka Doncic,3,3,10/22/2018,19,DAL,,CHI,W (+6),1,35:48:00,35,48,0,7,14,0.5,3,8,0.375,2,2,1,0,3,3,6,1,0,3,3,19,13.9,5
Luka Doncic,4,4,10/24/2018,19,DAL,@,ATL,L (-7),1,34:11:00,34,11,0,7,18,0.389,2,9,0.222,5,8,0.625,0,9,9,2,1,1,3,2,21,12,-12
Luka Doncic,5,5,10/26/2018,19,DAL,@,TOR,L (-9),1,35:09:00,35,9,0,7,14,0.5,4,6,0.667,4,4,1,1,4,5,4,0,0,3,1,22,16.3,0
Luka Doncic,6,6,10/28/2018,19,DAL,,UTA,L (-9),1,36:53:00,36,53,0,5,13,0.385,2,6,0.333,2,2,1,1,5,6,5,1,0,5,1,14,8.2,4
Luka Doncic,7,7,10/29/2018,19,DAL,@,SAS,L (-5),1,39:55:00,39,55,0,11,18,0.611,4,6,0.667,5,6,0.833,2,6,8,4,1,1,6,0,31,24.1,5
Luka Doncic,8,8,10/31/2018,19,DAL,@,LAL,L (-1),1,28:08:00,28,8,0,5,11,0.455,3,6,0.5,1,2,0.5,1,4,5,7,1,0,2,2,14,12.9,-13
Luka Doncic,9,9,11/2/2018,19,DAL,,NYK,L (-12),1,34:58:00,34,58,0,8,15,0.533,2,6,0.333,0,1,0,2,7,9,6,1,0,4,3,18,13.8,-10
Luka Doncic,10,10,11/6/2018,19,DAL,,WAS,W (+19),1,33:16:00,33,16,0,9,16,0.563,2,7,0.286,3,3,1,1,6,7,3,1,0,5,2,23,15.2,11
Luka Doncic,11,11,11/7/2018,19,DAL,@,UTA,L (-15),1,35:12:00,35,12,0,7,14,0.5,3,4,0.75,7,7,1,1,5,6,2,0,0,5,3,24,14.4,-15
Luka Doncic,12,12,11/10/2018,19,DAL,,OKC,W (+15),1,31:22:00,31,22,0,9,15,0.6,1,4,0.25,3,4,0.75,0,6,6,8,1,0,4,4,22,17.5,16
Luka Doncic,13,13,11/12/2018,19,DAL,@,CHI,W (+5),1,31:47:00,31,47,0,3,12,0.25,2,7,0.286,3,4,0.75,2,4,6,3,1,0,3,1,11,5.7,-13
Luka Doncic,14,14,11/14/2018,19,DAL,,UTA,W (+50),1,25:09:00,25,9,0,5,13,0.385,2,4,0.5,1,2,0.5,1,5,6,2,2,1,3,1,13,8.4,17
Luka Doncic,15,15,11/17/2018,19,DAL,,GSW,W (+3),1,35:47:00,35,47,0,9,20,0.45,2,8,0.25,4,4,1,1,8,9,4,0,0,3,3,24,15.3,18
Luka Doncic,16,16,11/19/2018,19,DAL,@,MEM,L (-10),1,36:32:00,36,32,0,6,20,0.3,3,9,0.333,0,0,,1,9,10,3,0,1,3,2,15,5.8,3
Luka Doncic,17,17,11/21/2018,19,DAL,,BRK,W (+6),1,33:52:00,33,52,0,5,11,0.455,2,3,0.667,9,11,0.818,2,7,9,4,2,0,3,4,21,18.2,1
Luka Doncic,18,18,11/24/2018,19,DAL,,BOS,W (+9),1,30:52:00,30,52,0,5,11,0.455,3,4,0.75,2,2,1,0,0,0,8,3,1,3,0,15,15.6,8
Luka Doncic,19,19,11/28/2018,19,DAL,@,HOU,W (+20),1,24:17:00,24,17,0,6,11,0.545,3,7,0.429,5,5,1,2,4,6,2,1,0,4,2,20,14.9,-6
Luka Doncic,20,20,11/30/2018,19,DAL,@,LAL,L (-11),1,31:43:00,31,43,0,2,13,0.154,0,5,0,2,3,0.667,0,6,6,5,3,2,3,3,6,2.8,-8
Luka Doncic,22,21,12/4/2018,19,DAL,,POR,W (+9),1,31:43:00,31,43,0,6,14,0.429,2,4,0.5,7,9,0.778,2,7,9,3,0,0,2,3,21,15.2,4
Luka Doncic,23,22,12/5/2018,19,DAL,@,NOP,L (-26),1,22:00,22,0,,2,8,0.25,1,4,0.25,3,4,0.75,0,4,4,6,0,0,2,1,8,5.8,-8
Luka Doncic,24,23,12/8/2018,19,DAL,,HOU,W (+3),1,32:00:00,32,0,0,7,17,0.412,3,7,0.429,4,5,0.8,3,4,7,1,3,0,3,3,21,14.3,8
Luka Doncic,25,24,12/10/2018,19,DAL,,ORL,W (+25),1,25:36:00,25,36,0,2,11,0.182,0,5,0,3,3,1,1,10,11,9,1,0,2,1,7,8.7,16
Luka Doncic,26,25,12/12/2018,19,DAL,,ATL,W (+7),1,34:46:00,34,46,0,5,14,0.357,2,6,0.333,12,15,0.8,1,9,10,6,1,1,4,2,24,19.5,4
Luka Doncic,27,26,12/13/2018,19,DAL,@,PHO,L (-10),1,31:14:00,31,14,0,6,12,0.5,1,5,0.2,0,2,0,0,5,5,6,1,0,4,0,13,8.9,-8
Luka Doncic,28,27,12/16/2018,19,DAL,,SAC,L (-7),1,35:02:00,35,2,0,9,15,0.6,1,5,0.2,9,14,0.643,0,6,6,9,1,0,5,3,28,22,-3
Luka Doncic,29,28,12/18/2018,19,DAL,@,DEN,L (-8),1,34:30:00,34,30,0,5,15,0.333,3,9,0.333,10,12,0.833,0,6,6,12,1,0,1,1,23,23.5,7
Luka Doncic,30,29,12/20/2018,19,DAL,@,LAC,L (-4),1,31:00:00,31,0,0,10,20,0.5,3,6,0.5,9,13,0.692,4,0,4,5,4,0,4,3,32,25.5,-1
Luka Doncic,31,30,12/22/2018,19,DAL,@,GSW,L (-4),1,29:40:00,29,40,0,7,15,0.467,3,6,0.5,2,4,0.5,1,2,3,5,1,1,2,2,19,14.2,-2
Luka Doncic,32,31,12/23/2018,19,DAL,@,POR,L (-3),1,35:26:00,35,26,0,7,21,0.333,2,7,0.286,7,9,0.778,2,9,11,6,0,0,1,0,23,17.6,-3
Luka Doncic,33,32,12/26/2018,19,DAL,,NOP,W (+3),1,31:21:00,31,21,0,5,13,0.385,0,5,0,11,12,0.917,1,8,9,10,1,0,1,2,21,22.8,3
Luka Doncic,34,33,12/28/2018,19,DAL,@,NOP,L (-2),1,33:33:00,33,33,0,10,16,0.625,7,10,0.7,7,13,0.538,1,1,2,3,0,0,4,0,34,23.5,5
Luka Doncic,35,34,12/30/2018,19,DAL,,OKC,W (+2),1,33:48:00,33,48,0,9,19,0.474,4,11,0.364,3,4,0.75,0,3,3,7,1,0,6,3,25,14.5,11
Luka Doncic,36,35,12/31/2018,19,DAL,@,OKC,L (-20),1,22:32,22,32,,4,10,0.4,3,6,0.5,6,6,1,1,5,6,3,1,0,5,0,17,11.9,-16
Luka Doncic,37,36,1/2/2019,19,DAL,@,CHO,W (+38),1,26:18:00,26,18,0,7,16,0.438,3,7,0.429,1,2,0.5,1,9,10,4,0,0,2,0,18,13.4,14
Luka Doncic,38,37,1/4/2019,19,DAL,@,BOS,L (-21),1,28:55:00,28,55,0,7,16,0.438,4,8,0.5,1,2,0.5,1,8,9,4,0,0,3,1,19,12.7,3
Luka Doncic,39,38,1/5/2019,19,DAL,@,PHI,L (-6),1,26:18:00,26,18,0,4,16,0.25,1,8,0.125,5,10,0.5,0,9,9,4,2,0,0,1,14,9.5,-18
Luka Doncic,40,39,1/7/2019,19,DAL,,LAL,L (-10),1,34:52:00,34,52,0,10,23,0.435,2,6,0.333,5,7,0.714,2,6,8,2,1,1,1,3,27,18.2,-7
Luka Doncic,41,40,1/9/2019,19,DAL,,PHO,W (+10),1,35:53:00,35,53,0,8,14,0.571,4,9,0.444,10,16,0.625,0,5,5,5,3,0,4,1,30,24.6,10
Luka Doncic,42,41,1/11/2019,19,DAL,@,MIN,W (+4),1,34:55:00,34,55,0,10,23,0.435,2,9,0.222,7,10,0.7,2,6,8,12,2,0,1,2,29,27.5,5
Luka Doncic,43,42,1/13/2019,19,DAL,,GSW,L (-5),1,31:57:00,31,57,0,8,18,0.444,5,10,0.5,5,8,0.625,0,6,6,5,1,0,5,1,26,16.3,-14
Luka Doncic,44,43,1/16/2019,19,DAL,,SAS,L (-4),1,35:48:00,35,48,0,10,21,0.476,3,9,0.333,2,2,1,1,7,8,8,1,0,2,4,25,20.1,8
Luka Doncic,45,44,1/19/2019,19,DAL,@,IND,L (-12),1,24:29:00,24,29,0,3,14,0.214,0,5,0,2,4,0.5,2,3,5,6,3,0,2,1,8,5.7,-6
Luka Doncic,46,45,1/21/2019,19,DAL,@,MIL,L (-10),1,32:55:00,32,55,0,6,17,0.353,2,5,0.4,4,5,0.8,2,9,11,10,1,1,3,1,18,17.5,-10
Luka Doncic,47,46,1/22/2019,19,DAL,,LAC,W (+8),1,32:18:00,32,18,0,5,15,0.333,0,8,0,7,10,0.7,0,7,7,6,1,1,3,1,17,11.9,2
Luka Doncic,48,47,1/25/2019,19,DAL,,DET,W (+5),1,35:04:00,35,4,0,9,19,0.474,3,9,0.333,11,13,0.846,1,7,8,8,2,1,4,3,32,27.4,2
Luka Doncic,49,48,1/27/2019,19,DAL,,TOR,L (-3),1,35:53:00,35,53,0,14,24,0.583,3,9,0.333,4,6,0.667,2,10,12,10,0,0,3,3,35,30.2,-2
Luka Doncic,50,49,1/30/2019,19,DAL,@,NYK,W (+24),1,28:40:00,28,40,0,7,18,0.389,2,9,0.222,0,1,0,1,7,8,5,0,0,3,1,16,8.7,15
Luka Doncic,52,50,2/2/2019,19,DAL,@,CLE,W (+13),1,32:44:00,32,44,0,13,25,0.52,4,11,0.364,5,7,0.714,1,10,11,6,1,0,2,4,35,27.2,8
Luka Doncic,53,51,2/6/2019,19,DAL,,CHO,W (+6),1,34:40:00,34,40,0,5,20,0.25,2,10,0.2,7,9,0.778,1,9,10,11,1,0,3,1,19,14.9,9
Luka Doncic,54,52,2/8/2019,19,DAL,,MIL,L (-15),1,26:42:00,26,42,0,7,14,0.5,3,7,0.429,3,7,0.429,1,2,3,2,0,0,2,1,20,11.7,-28
Luka Doncic,55,53,2/10/2019,19,DAL,,POR,W (+1),1,37:30:00,37,30,0,9,19,0.474,4,9,0.444,6,8,0.75,0,9,9,6,0,1,3,3,28,20.9,-4
Luka Doncic,56,54,2/11/2019,19,DAL,@,HOU,L (-16),1,36:12:00,36,12,0,7,17,0.412,2,9,0.222,5,9,0.556,0,10,10,8,0,0,5,2,21,13.1,-5
Luka Doncic,57,55,2/13/2019,19,DAL,,MIA,L (-11),1,33:21:00,33,21,0,5,17,0.294,3,9,0.333,5,7,0.714,5,7,12,9,0,0,6,1,18,12.8,-12
Luka Doncic,60,56,2/25/2019,19,DAL,@,LAC,L (-9),1,32:40:00,32,40,0,7,12,0.583,4,6,0.667,10,12,0.833,1,9,10,10,0,1,9,2,28,22.9,1
Luka Doncic,61,57,2/27/2019,19,DAL,,IND,W (+9),1,31:43:00,31,43,0,9,16,0.563,3,8,0.375,5,7,0.714,1,9,10,7,0,0,7,3,26,17.7,0
Luka Doncic,62,58,3/2/2019,20,DAL,,MEM,L (-30),1,26:14:00,26,14,0,7,14,0.5,1,8,0.125,7,12,0.583,0,4,4,2,2,2,2,1,22,16.6,-14
Luka Doncic,63,59,3/4/2019,20,DAL,@,BRK,L (-39),1,28:37:00,28,37,0,6,16,0.375,3,7,0.429,1,4,0.25,1,5,6,1,1,2,2,1,16,8.9,-31
Luka Doncic,64,60,3/6/2019,20,DAL,@,WAS,L (-9),1,35:47:00,35,47,0,11,26,0.423,2,8,0.25,7,9,0.778,3,8,11,7,4,0,2,3,31,26.6,-10
Luka Doncic,65,61,3/8/2019,20,DAL,@,ORL,L (-5),1,32:38:00,32,38,0,9,20,0.45,3,8,0.375,3,5,0.6,0,8,8,5,1,0,3,1,24,16.3,-5
Luka Doncic,66,62,3/10/2019,20,DAL,,HOU,L (-1),1,37:16:00,37,16,0,5,16,0.313,1,6,0.167,8,9,0.889,1,14,15,9,2,2,3,2,19,20.2,-5
Luka Doncic,67,63,3/12/2019,20,DAL,,SAS,L (-7),1,33:42:00,33,42,0,5,18,0.278,1,7,0.143,1,9,0.111,2,4,6,7,0,2,9,1,12,-2.3,-11
Luka Doncic,68,64,3/14/2019,20,DAL,@,DEN,L (-1),1,35:04:00,35,4,0,10,23,0.435,1,8,0.125,3,7,0.429,1,10,11,9,2,0,3,1,24,18.9,-2
Luka Doncic,70,65,3/18/2019,20,DAL,,NOP,L (-4),1,38:40:00,38,40,0,10,26,0.385,1,7,0.143,8,11,0.727,5,8,13,10,2,0,5,4,29,21.9,-8
Luka Doncic,71,66,3/20/2019,20,DAL,@,POR,L (-8),1,28:50:00,28,50,0,8,16,0.5,1,4,0.25,7,7,1,0,5,5,6,0,0,2,4,24,18.1,-7
Luka Doncic,72,67,3/21/2019,20,DAL,@,SAC,L (-16),1,26:02:00,26,2,0,4,19,0.211,2,10,0.2,3,5,0.6,1,9,10,3,0,0,1,1,13,4.6,-23
Luka Doncic,73,68,3/23/2019,20,DAL,@,GSW,W (+35),1,27:21:00,27,21,0,6,14,0.429,4,11,0.364,7,11,0.636,1,10,11,10,3,0,3,3,23,23.5,29
Luka Doncic,74,69,3/26/2019,20,DAL,,SAC,L (-4),1,36:09:00,36,9,0,9,20,0.45,0,9,0,10,11,0.909,1,11,12,12,0,0,4,2,28,24.8,-7
Luka Doncic,75,70,3/28/2019,20,DAL,@,MIA,L (-6),1,30:42:00,30,42,0,6,18,0.333,3,9,0.333,4,6,0.667,0,8,8,7,0,0,6,4,19,7.7,-8
Luka Doncic,78,71,4/3/2019,20,DAL,,MIN,L (-2),1,31:45:00,31,45,0,11,21,0.524,2,8,0.25,3,3,1,4,8,12,6,0,1,4,1,27,22.4,-15
Luka Doncic,81,72,4/9/2019,20,DAL,,PHO,W (+11),1,32:11:00,32,11,0,6,14,0.429,2,5,0.4,7,8,0.875,3,13,16,11,3,0,4,1,21,25.5,15